{"pages":["Viga-Regular.png"],"chars":[{"id":106,"width":20,"height":50,"xoffset":0,"yoffset":-33.138000000000005,"xadvance":11.55,"chnl":15,"x":0,"y":0,"page":0},{"id":36,"width":30,"height":48,"xoffset":0,"yoffset":-33.012,"xadvance":20.790000000000003,"chnl":15,"x":0,"y":52,"page":0},{"id":41,"width":22,"height":48,"xoffset":0,"yoffset":-33.852000000000004,"xadvance":14.112,"chnl":15,"x":0,"y":102,"page":0},{"id":40,"width":22,"height":48,"xoffset":0,"yoffset":-33.852000000000004,"xadvance":14.112,"chnl":15,"x":0,"y":152,"page":0},{"id":64,"width":45,"height":47,"xoffset":0,"yoffset":-30.156000000000002,"xadvance":36.372,"chnl":15,"x":0,"y":202,"page":0},{"id":87,"width":47,"height":40,"xoffset":0,"yoffset":-30.114,"xadvance":37.254000000000005,"chnl":15,"x":0,"y":251,"page":0},{"id":124,"width":20,"height":46,"xoffset":0,"yoffset":-33.012,"xadvance":14.700000000000001,"chnl":15,"x":0,"y":293,"page":0},{"id":91,"width":24,"height":46,"xoffset":0,"yoffset":-33.012,"xadvance":15.876000000000001,"chnl":15,"x":0,"y":341,"page":0},{"id":125,"width":27,"height":46,"xoffset":0,"yoffset":-33.012,"xadvance":19.194000000000003,"chnl":15,"x":0,"y":389,"page":0},{"id":47,"width":27,"height":46,"xoffset":0,"yoffset":-33.012,"xadvance":16.926000000000002,"chnl":15,"x":0,"y":437,"page":0},{"id":123,"width":27,"height":46,"xoffset":0,"yoffset":-33.012,"xadvance":19.194000000000003,"chnl":15,"x":29,"y":437,"page":0},{"id":92,"width":27,"height":46,"xoffset":0,"yoffset":-32.466,"xadvance":16.926000000000002,"chnl":15,"x":58,"y":437,"page":0},{"id":93,"width":23,"height":46,"xoffset":0,"yoffset":-33.012,"xadvance":15.876000000000001,"chnl":15,"x":87,"y":437,"page":0},{"id":109,"width":44,"height":34,"xoffset":0,"yoffset":-24.234,"xadvance":36.792,"chnl":15,"x":112,"y":437,"page":0},{"id":37,"width":44,"height":40,"xoffset":0,"yoffset":-29.904000000000003,"xadvance":35.616,"chnl":15,"x":29,"y":389,"page":0},{"id":96,"width":22,"height":43,"xoffset":0,"yoffset":-32.844,"xadvance":21,"chnl":15,"x":26,"y":341,"page":0},{"id":105,"width":19,"height":43,"xoffset":0,"yoffset":-33.138000000000005,"xadvance":11.55,"chnl":15,"x":50,"y":341,"page":0},{"id":100,"width":30,"height":42,"xoffset":0,"yoffset":-31.584000000000003,"xadvance":23.562,"chnl":15,"x":71,"y":341,"page":0},{"id":119,"width":42,"height":34,"xoffset":0,"yoffset":-23.982000000000003,"xadvance":31.878000000000004,"chnl":15,"x":158,"y":437,"page":0},{"id":102,"width":23,"height":42,"xoffset":0,"yoffset":-31.626,"xadvance":14.364,"chnl":15,"x":103,"y":341,"page":0},{"id":104,"width":32,"height":42,"xoffset":0,"yoffset":-31.584000000000003,"xadvance":23.898000000000003,"chnl":15,"x":128,"y":341,"page":0},{"id":108,"width":18,"height":42,"xoffset":0,"yoffset":-31.584000000000003,"xadvance":11.13,"chnl":15,"x":162,"y":341,"page":0},{"id":98,"width":32,"height":42,"xoffset":0,"yoffset":-31.584000000000003,"xadvance":23.520000000000003,"chnl":15,"x":182,"y":341,"page":0},{"id":107,"width":34,"height":42,"xoffset":0,"yoffset":-31.584000000000003,"xadvance":23.478,"chnl":15,"x":216,"y":341,"page":0},{"id":121,"width":31,"height":41,"xoffset":0,"yoffset":-23.982000000000003,"xadvance":20.748,"chnl":15,"x":252,"y":341,"page":0},{"id":113,"width":30,"height":41,"xoffset":0,"yoffset":-24.150000000000002,"xadvance":23.562,"chnl":15,"x":285,"y":341,"page":0},{"id":77,"width":41,"height":40,"xoffset":0,"yoffset":-29.904000000000003,"xadvance":34.062000000000005,"chnl":15,"x":75,"y":389,"page":0},{"id":103,"width":30,"height":41,"xoffset":0,"yoffset":-24.150000000000002,"xadvance":23.310000000000002,"chnl":15,"x":317,"y":341,"page":0},{"id":63,"width":30,"height":41,"xoffset":0,"yoffset":-30.156000000000002,"xadvance":21.966,"chnl":15,"x":349,"y":341,"page":0},{"id":38,"width":40,"height":41,"xoffset":0,"yoffset":-30.534000000000002,"xadvance":30.282000000000004,"chnl":15,"x":381,"y":341,"page":0},{"id":57,"width":31,"height":41,"xoffset":0,"yoffset":-30.408,"xadvance":23.058,"chnl":15,"x":423,"y":341,"page":0},{"id":112,"width":32,"height":41,"xoffset":0,"yoffset":-23.814,"xadvance":23.520000000000003,"chnl":15,"x":456,"y":341,"page":0},{"id":74,"width":29,"height":40,"xoffset":0,"yoffset":-29.904000000000003,"xadvance":21.462,"chnl":15,"x":118,"y":389,"page":0},{"id":69,"width":33,"height":40,"xoffset":0,"yoffset":-29.904000000000003,"xadvance":25.41,"chnl":15,"x":149,"y":389,"page":0},{"id":70,"width":33,"height":40,"xoffset":0,"yoffset":-29.904000000000003,"xadvance":24.78,"chnl":15,"x":184,"y":389,"page":0},{"id":71,"width":34,"height":40,"xoffset":0,"yoffset":-30.156000000000002,"xadvance":26.754,"chnl":15,"x":219,"y":389,"page":0},{"id":72,"width":36,"height":40,"xoffset":0,"yoffset":-29.904000000000003,"xadvance":28.770000000000003,"chnl":15,"x":255,"y":389,"page":0},{"id":73,"width":19,"height":40,"xoffset":0,"yoffset":-29.904000000000003,"xadvance":12.81,"chnl":15,"x":293,"y":389,"page":0},{"id":34,"width":27,"height":40,"xoffset":0,"yoffset":-29.904000000000003,"xadvance":19.488,"chnl":15,"x":314,"y":389,"page":0},{"id":75,"width":37,"height":40,"xoffset":0,"yoffset":-29.904000000000003,"xadvance":27.930000000000003,"chnl":15,"x":343,"y":389,"page":0},{"id":76,"width":32,"height":40,"xoffset":0,"yoffset":-29.904000000000003,"xadvance":23.1,"chnl":15,"x":382,"y":389,"page":0},{"id":50,"width":31,"height":40,"xoffset":0,"yoffset":-30.156000000000002,"xadvance":23.016000000000002,"chnl":15,"x":416,"y":389,"page":0},{"id":78,"width":37,"height":40,"xoffset":0,"yoffset":-29.904000000000003,"xadvance":29.358,"chnl":15,"x":449,"y":389,"page":0},{"id":33,"width":22,"height":40,"xoffset":0,"yoffset":-29.904000000000003,"xadvance":14.574000000000002,"chnl":15,"x":488,"y":389,"page":0},{"id":80,"width":35,"height":40,"xoffset":0,"yoffset":-29.904000000000003,"xadvance":26.376,"chnl":15,"x":22,"y":293,"page":0},{"id":81,"width":36,"height":40,"xoffset":0,"yoffset":-30.156000000000002,"xadvance":27.006,"chnl":15,"x":59,"y":293,"page":0},{"id":82,"width":36,"height":40,"xoffset":0,"yoffset":-29.904000000000003,"xadvance":27.468,"chnl":15,"x":97,"y":293,"page":0},{"id":83,"width":34,"height":40,"xoffset":0,"yoffset":-30.156000000000002,"xadvance":24.822000000000003,"chnl":15,"x":135,"y":293,"page":0},{"id":84,"width":33,"height":40,"xoffset":0,"yoffset":-29.904000000000003,"xadvance":23.982000000000003,"chnl":15,"x":171,"y":293,"page":0},{"id":85,"width":35,"height":40,"xoffset":0,"yoffset":-29.904000000000003,"xadvance":28.056,"chnl":15,"x":206,"y":293,"page":0},{"id":86,"width":34,"height":40,"xoffset":0,"yoffset":-29.904000000000003,"xadvance":24.402,"chnl":15,"x":243,"y":293,"page":0},{"id":51,"width":31,"height":40,"xoffset":0,"yoffset":-30.156000000000002,"xadvance":22.470000000000002,"chnl":15,"x":279,"y":293,"page":0},{"id":88,"width":37,"height":40,"xoffset":0,"yoffset":-29.904000000000003,"xadvance":26.880000000000003,"chnl":15,"x":312,"y":293,"page":0},{"id":89,"width":34,"height":40,"xoffset":0,"yoffset":-29.904000000000003,"xadvance":24.024,"chnl":15,"x":351,"y":293,"page":0},{"id":90,"width":31,"height":40,"xoffset":0,"yoffset":-29.904000000000003,"xadvance":23.016000000000002,"chnl":15,"x":387,"y":293,"page":0},{"id":52,"width":33,"height":40,"xoffset":0,"yoffset":-29.904000000000003,"xadvance":24.78,"chnl":15,"x":420,"y":293,"page":0},{"id":53,"width":30,"height":40,"xoffset":0,"yoffset":-29.400000000000002,"xadvance":23.142000000000003,"chnl":15,"x":455,"y":293,"page":0},{"id":54,"width":31,"height":40,"xoffset":0,"yoffset":-30.156000000000002,"xadvance":23.058,"chnl":15,"x":49,"y":251,"page":0},{"id":94,"width":33,"height":40,"xoffset":0,"yoffset":-30.198,"xadvance":25.284000000000002,"chnl":15,"x":82,"y":251,"page":0},{"id":55,"width":31,"height":40,"xoffset":0,"yoffset":-29.946,"xadvance":23.226000000000003,"chnl":15,"x":117,"y":251,"page":0},{"id":56,"width":31,"height":40,"xoffset":0,"yoffset":-30.156000000000002,"xadvance":23.520000000000003,"chnl":15,"x":150,"y":251,"page":0},{"id":39,"width":18,"height":40,"xoffset":0,"yoffset":-29.904000000000003,"xadvance":10.878,"chnl":15,"x":490,"y":341,"page":0},{"id":35,"width":37,"height":40,"xoffset":0,"yoffset":-30.156000000000002,"xadvance":29.022000000000002,"chnl":15,"x":183,"y":251,"page":0},{"id":79,"width":35,"height":40,"xoffset":0,"yoffset":-30.156000000000002,"xadvance":27.048000000000002,"chnl":15,"x":222,"y":251,"page":0},{"id":42,"width":28,"height":40,"xoffset":0,"yoffset":-30.240000000000002,"xadvance":20.748,"chnl":15,"x":259,"y":251,"page":0},{"id":48,"width":32,"height":40,"xoffset":0,"yoffset":-30.156000000000002,"xadvance":23.814,"chnl":15,"x":289,"y":251,"page":0},{"id":49,"width":24,"height":40,"xoffset":0,"yoffset":-29.946,"xadvance":18.396,"chnl":15,"x":487,"y":293,"page":0},{"id":65,"width":36,"height":40,"xoffset":0,"yoffset":-29.904000000000003,"xadvance":26.796000000000003,"chnl":15,"x":323,"y":251,"page":0},{"id":66,"width":35,"height":40,"xoffset":0,"yoffset":-29.904000000000003,"xadvance":27.636000000000003,"chnl":15,"x":361,"y":251,"page":0},{"id":67,"width":34,"height":40,"xoffset":0,"yoffset":-30.156000000000002,"xadvance":25.494000000000003,"chnl":15,"x":398,"y":251,"page":0},{"id":68,"width":36,"height":40,"xoffset":0,"yoffset":-29.904000000000003,"xadvance":27.678,"chnl":15,"x":434,"y":251,"page":0},{"id":116,"width":23,"height":38,"xoffset":0,"yoffset":-27.720000000000002,"xadvance":14.784,"chnl":15,"x":472,"y":251,"page":0},{"id":101,"width":31,"height":35,"xoffset":0,"yoffset":-24.276,"xadvance":23.016000000000002,"chnl":15,"x":47,"y":202,"page":0},{"id":111,"width":32,"height":35,"xoffset":0,"yoffset":-24.318,"xadvance":22.806,"chnl":15,"x":80,"y":202,"page":0},{"id":99,"width":30,"height":35,"xoffset":0,"yoffset":-24.318,"xadvance":21.798000000000002,"chnl":15,"x":114,"y":202,"page":0},{"id":59,"width":21,"height":35,"xoffset":0,"yoffset":-17.976000000000003,"xadvance":12.978000000000002,"chnl":15,"x":146,"y":202,"page":0},{"id":115,"width":30,"height":35,"xoffset":0,"yoffset":-24.318,"xadvance":21.042,"chnl":15,"x":169,"y":202,"page":0},{"id":97,"width":30,"height":34,"xoffset":0,"yoffset":-24.150000000000002,"xadvance":22.428,"chnl":15,"x":202,"y":437,"page":0},{"id":110,"width":32,"height":34,"xoffset":0,"yoffset":-24.234,"xadvance":24.066000000000003,"chnl":15,"x":234,"y":437,"page":0},{"id":120,"width":31,"height":34,"xoffset":0,"yoffset":-23.982000000000003,"xadvance":22.134,"chnl":15,"x":268,"y":437,"page":0},{"id":122,"width":29,"height":34,"xoffset":0,"yoffset":-23.982000000000003,"xadvance":20.076,"chnl":15,"x":301,"y":437,"page":0},{"id":118,"width":31,"height":34,"xoffset":0,"yoffset":-23.982000000000003,"xadvance":20.706,"chnl":15,"x":332,"y":437,"page":0},{"id":114,"width":26,"height":34,"xoffset":0,"yoffset":-24.318,"xadvance":16.380000000000003,"chnl":15,"x":365,"y":437,"page":0},{"id":117,"width":31,"height":34,"xoffset":0,"yoffset":-23.982000000000003,"xadvance":24.066000000000003,"chnl":15,"x":393,"y":437,"page":0},{"id":126,"width":34,"height":26,"xoffset":0,"yoffset":-15.918000000000001,"xadvance":25.452,"chnl":15,"x":0,"y":485,"page":0},{"id":95,"width":33,"height":17,"xoffset":0,"yoffset":0,"xadvance":23.184,"chnl":15,"x":36,"y":485,"page":0},{"id":62,"width":29,"height":32,"xoffset":0,"yoffset":-21.966,"xadvance":20.748,"chnl":15,"x":426,"y":437,"page":0},{"id":60,"width":29,"height":32,"xoffset":0,"yoffset":-21.966,"xadvance":21.294,"chnl":15,"x":457,"y":437,"page":0},{"id":61,"width":31,"height":29,"xoffset":0,"yoffset":-19.11,"xadvance":22.806,"chnl":15,"x":201,"y":202,"page":0},{"id":43,"width":31,"height":31,"xoffset":0,"yoffset":-20.916,"xadvance":22.806,"chnl":15,"x":24,"y":152,"page":0},{"id":58,"width":21,"height":29,"xoffset":0,"yoffset":-17.976000000000003,"xadvance":13.398000000000001,"chnl":15,"x":488,"y":437,"page":0},{"id":45,"width":25,"height":25,"xoffset":0,"yoffset":-14.532,"xadvance":17.892,"chnl":15,"x":234,"y":202,"page":0},{"id":44,"width":19,"height":23,"xoffset":0,"yoffset":-5.964,"xadvance":11.718,"chnl":15,"x":261,"y":202,"page":0},{"id":46,"width":19,"height":17,"xoffset":0,"yoffset":-6.300000000000001,"xadvance":12.39,"chnl":15,"x":71,"y":485,"page":0},{"id":32,"width":0,"height":0,"xoffset":0,"yoffset":0,"xadvance":9.744,"chnl":15,"x":36,"y":504,"page":0}],"info":{"face":"Viga-Regular","size":42,"bold":0,"italic":0,"charset":[" ","!","\"","#","$","%","&","'","(",")","*","+",",","-",".","/","0","1","2","3","4","5","6","7","8","9",":",";","<","=",">","?","@","A","B","C","D","E","F","G","H","I","J","K","L","M","N","O","P","Q","R","S","T","U","V","W","X","Y","Z","[","\\","]","^","_","`","a","b","c","d","e","f","g","h","i","j","k","l","m","n","o","p","q","r","s","t","u","v","w","x","y","z","{","|","}","~"],"unicode":1,"stretchH":100,"smooth":1,"aa":1,"padding":[0,0,0,0],"spacing":[2,2]},"common":{"lineHeight":56.448,"base":42.63,"scaleW":512,"scaleH":512,"pages":1,"packed":0,"alphaChnl":0,"redChnl":0,"greenChnl":0,"blueChnl":0},"kernings":[]}
